fudxplorer,Rainbow Garden,4,keren
fudxplorer,Rainbow Garden,4,keren
fudxplorer,Rainbow Garden,1,keren
fudxplorer,Rainbow Garden,4,keren
fudxplorer,Rainbow Garden,4,keren
fudxplorer,Rainbow Garden,4,keren
fudxplorer,Rainbow Garden,2,keren
fudxplorer,Rainbow Garden,4,keren
fudxplorer,Rainbow Garden,4,keren
fudxplorer,Rainbow Garden,3,keren
fudxplorer,Rainbow Garden,4,keren
fudxplorer,Rainbow Garden,5,keren
fudxplorer,Rainbow Garden,4,keren
fudxplorer,Rainbow Garden,4,keren
fudxplorer,Rainbow Garden,5,keren
